andrewid,certification
amartine,Golf Cart
asgreen,Golf Cart
ayang1,Golf Cart
zhenghaj,Golf Cart
dkaushal,Golf Cart
jlareau,Golf Cart
grickstr,Golf Cart
hkoschme,Golf Cart
jacobbro,Golf Cart
jcmertz,Golf Cart
jcp,Golf Cart
jzak,Golf Cart
kborst,Golf Cart
kmquinn,Golf Cart
lbressle,Golf Cart
lgmiller,Golf Cart
mreager,Golf Cart
meribyte,Golf Cart
ncoauett,Golf Cart
nehull,Golf Cart
ryerzhan,Golf Cart
stacycha,Golf Cart
wlowe,Golf Cart
zsolan,Golf Cart
zileig,Golf Cart
agotsis,Golf Cart
rwjang,Golf Cart
egarbade,Golf Cart
saclark,Golf Cart
amartine,Scissor Lift
asgreen,Scissor Lift
grickstr,Scissor Lift
hkoschme,Scissor Lift
jcmertz,Scissor Lift
jzak,Scissor Lift
mreager,Scissor Lift
ncoauett,Scissor Lift
zileig,Scissor Lift
rwjang,Scissor Lift
adajee,Scissor Lift
dsteere,Scissor Lift
avendett,Scissor Lift
lemontgo,Scissor Lift
ehelfer,Scissor Lift
susiel,Scissor Lift
kpandit,Scissor Lift
gdirocco,Scissor Lift
svraj,Scissor Lift
bhy,Scissor Lift
hholton,Scissor Lift
cnwankwo,Scissor Lift
bllamas,Scissor Lift
lrunels,Scissor Lift
ltrusche,Scissor Lift
lmarty,Scissor Lift
tchetal,Scissor Lift
aakent,Scissor Lift
rusnay,Scissor Lift
ndsharma,Scissor Lift
ldamasco,Scissor Lift
lfj,Scissor Lift
adates,Scissor Lift
jbenassa,Scissor Lift
cruland,Scissor Lift
bswalsh,Scissor Lift
jgualtie,Scissor Lift
ssontag,Scissor Lift
amgutier,Scissor Lift
bdecelia,Scissor Lift
tyh,Scissor Lift
dingkunw,Scissor Lift
kaiyiny,Scissor Lift
naagarwa,Scissor Lift
wyz,Scissor Lift
richardz,Scissor Lift
raghavgo,Scissor Lift
stp,Scissor Lift
lgary,Scissor Lift
raunaksg,Scissor Lift
mmckinzi,Scissor Lift
aadler,Scissor Lift
aperley,Scissor Lift
sjstark,Scissor Lift
jwbird,Scissor Lift
dhirata,Scissor Lift
groot,Scissor Lift
mspoerl,Scissor Lift
mbomberg,Scissor Lift
egarbade,Scissor Lift
mahiggin,Scissor Lift
nwinegar,Scissor Lift
mmwagner,Scissor Lift
jzois,Scissor Lift
rhkim,Scissor Lift
youngchk,Scissor Lift
munsungk,Scissor Lift
victoril,Scissor Lift
ichow,Scissor Lift
amguo,Scissor Lift
gschwaba,Scissor Lift
rnakamur,Scissor Lift
swilhelm,Scissor Lift
nhouglan,Scissor Lift
junyongg,Scissor Lift
sslabins,Scissor Lift
anathani,Scissor Lift
hjx,Scissor Lift
vlf,Scissor Lift
sabrina1,Scissor Lift
slsmith,Scissor Lift
maperez,Scissor Lift
kmarcan,Scissor Lift
achmykh,Scissor Lift
jiangxul,Scissor Lift
asoyk,Scissor Lift
struong,Scissor Lift
ehoskins,Scissor Lift
bryannaw,Scissor Lift
nfinkels,Scissor Lift
vkubyshk,Scissor Lift
aquiroz,Scissor Lift
alrao,Scissor Lift
khofmann,Scissor Lift
symalhot,Scissor Lift
bgclark,Scissor Lift
progozen,Scissor Lift
rsyeh,Scissor Lift
jbkim1,Scissor Lift
zihuiy,Scissor Lift
mkim4,Scissor Lift
kyshi,Scissor Lift
jlareau,Scissor Lift
mcasasno,Scissor Lift
lcody,Scissor Lift
ereuss,Scissor Lift
scantos,Scissor Lift
amjiang,Scissor Lift
anumanba,Scissor Lift
sjurcsek,Scissor Lift
ccwang1,Scissor Lift
aravisha,Scissor Lift
mbarlow,Scissor Lift
gluvara,Scissor Lift
rnasim,Scissor Lift
shomirog,Scissor Lift
tpina,Scissor Lift
gis,Scissor Lift
meribyte,Scissor Lift
yeonjuk,Scissor Lift
rwolfing,Scissor Lift
anniez,Scissor Lift
saclark,Scissor Lift
rjesurum,Scissor Lift
amonteav,Scissor Lift
gwolczan,Scissor Lift
aschott,Scissor Lift
zsnow,Scissor Lift
fkovacs,Scissor Lift
sihamilt,Scissor Lift
ameringe,Scissor Lift
cfwillia,Scissor Lift
acmontgo,Scissor Lift
acchu,Scissor Lift
emolitor,Scissor Lift
kforrest,Scissor Lift
jslomka,Scissor Lift
asandova,Scissor Lift
gvennitt,Scissor Lift
ree,Scissor Lift
abandi,Scissor Lift
mbanks,Scissor Lift
mslevin,Scissor Lift
cpitts,Scissor Lift
jesparc,Scissor Lift
atsu,Scissor Lift
kchoy1,Scissor Lift
asekar,Scissor Lift
amilford,Scissor Lift
zmccandl,Scissor Lift
jesinger,Scissor Lift
ssontag,Scissor Lift
achmykh,Scissor Lift
mschamin,Scissor Lift
csotires,Scissor Lift
shempton,Scissor Lift
yanhaomf,Scissor Lift
sdeluty,Scissor Lift
jhaddadl,Scissor Lift
hwu3,Scissor Lift
rwjang,Scissor Lift
aarohip,Scissor Lift
ayang1,Scissor Lift
auy,Scissor Lift
etrich,Scissor Lift
hgronlun,Scissor Lift
slakshma,Scissor Lift
jiacobel,Scissor Lift
mzhu3,Scissor Lift
siqig,Scissor Lift
sbala,Scissor Lift
schidamb,Scissor Lift
vzz,Scissor Lift
vkalinov,Scissor Lift
vlugo,Scissor Lift
rnchowdh,Scissor Lift